{
    "total_runtime": 0.8928284645080566,
    "num_documents": 8,
    "input_load_time": 0,
    "workflows": {
        "create_base_text_units": {
            "overall": 0.7184364795684814,
            "0_create_base_text_units": 0.7184364795684814
        },
        "create_final_documents": {
            "overall": 0.011453628540039062,
            "0_create_final_documents": 0.010854005813598633
        }
    }
}