{
    "total_runtime": 99.24219012260437,
    "num_documents": 1,
    "input_load_time": 0,
    "workflows": {
        "create_base_text_units": {
            "overall": 1.249072790145874,
            "0_create_base_text_units": 1.249072790145874
        },
        "create_final_documents": {
            "overall": 0.015353202819824219,
            "0_create_final_documents": 0.015353202819824219
        },
        "create_base_entity_graph": {
            "overall": 45.327516317367554,
            "0_create_base_entity_graph": 45.327516317367554
        },
        "create_final_entities": {
            "overall": 0.009919166564941406,
            "0_create_final_entities": 0.009919166564941406
        },
        "create_final_nodes": {
            "overall": 0.01698899269104004,
            "0_create_final_nodes": 0.01698899269104004
        },
        "create_final_communities": {
            "overall": 0.04262995719909668,
            "0_create_final_communities": 0.04262995719909668
        },
        "create_final_relationships": {
            "overall": 0.013542890548706055,
            "0_create_final_relationships": 0.013542890548706055
        },
        "create_final_text_units": {
            "overall": 0.011544942855834961,
            "0_create_final_text_units": 0.011544942855834961
        },
        "create_final_community_reports": {
            "overall": 49.77179026603699,
            "0_create_final_community_reports": 49.77179026603699
        },
        "generate_text_embeddings": {
            "overall": 1.466991901397705,
            "0_generate_text_embeddings": 1.466991901397705
        }
    }
}